rank,n_components,train_acc,val_acc,seconds
1,20,0.9228,0.9094,1.835087200000089
2,40,0.9153,0.8993,4.568136400000185
3,5,0.9052,0.8926,0.5323847999998179
4,10,0.8918,0.8826,1.4154881000004025
5,30,0.896,0.8658,3.100023699999838
6,50,0.8591,0.8456,4.103586499999437
7,60,0.8624,0.8221,15.967212700000346
8,70,0.8289,0.7651,12.605003900000156
9,80,0.7508,0.6913,32.14050909999969
10,100,0.6586,0.6644,47.96265400000084
